{"cpu_time_ms":2,"gc_time_ms":0,"real_time_ms":2,"recursive-calls":1626,"result":[[["#t",0.4187216914798126],["#f",0.5812783085201875]],[["#t",0.4187216914798126],["#f",0.5812783085201875]],[["#t",0.5],["#f",0.5]]],"total-size":57}