{"cpu_time_ms":153,"gc_time_ms":20,"real_time_ms":149,"recursive-calls":7225,"result":[[["HIGH",0.507944100096],["NORMAL",0.21101824377599995],["ZERO",0.027214453567999987],["LOW",0.25382320255999996]]],"scaling":false,"total-size":0}