{"cpu_time_ms":752,"gc_time_ms":69,"real_time_ms":728,"recursive-calls":2882048,"result":[[["XNIL",0.25206480542433723],["SIG",0.44059947932115656],["SVR",0.30733571525450626]]],"scaling":false,"total-size":0}