{"cpu_time_ms":289,"gc_time_ms":54,"real_time_ms":284,"recursive-calls":77904,"result":[[["absent",0.5757909824924389],["present",0.42420901750756107]]],"scaling":false,"total-size":0}