{"cpu_time_ms":456,"gc_time_ms":30,"real_time_ms":452,"recursive-calls":2116352,"result":[[["Thousand",0.5629455908828637],["Million",0.016796520074087197],["HundredThou",0.10507029426770452],["TenThou",0.3151875947753446]]],"scaling":false,"total-size":0}