{"cpu_time_ms":3407,"gc_time_ms":764,"real_time_ms":3373,"recursive-calls":201081,"result":[[["M_S52",0.35411396721864774],["M_S36",0.0093888183752427],["M_S48",0.29201933849687794],["M_S16",0.0015667764945292391],["M_S32",0.004044895487229645],["M_S44",0.09472751600805854],["M_S60",0.03637682240821249],["M_S40",0.03408823150193313],["M_S08",0.0008255742435641987],["M_S28",0.0020968149538517994],["M_S04",0.0001237557552548881],["M_S24",0.001883161495898898],["M_S00",0.008716364148487492],["M_S56",0.1543822450532528],["M_S20",0.001374680967609692],["M_S12",0.0015344946585297747],["M_S_64",0.002736542732818842]]],"scaling":false,"total-size":0}