{"cpu_time_ms":332,"gc_time_ms":25,"real_time_ms":327,"recursive-calls":975,"result":[[["train",0.280857252],["other",0.15730877200000004],["car",0.5618339760000001]]],"scaling":false,"total-size":0}