{"cpu_time_ms":321,"gc_time_ms":31,"real_time_ms":315,"recursive-calls":230734,"result":[[["15_MG_L",0.028330448918304475],["30_MG_L",0.007754421050661928],["25_MG_L",0.14251626640703188],["20_MG_L",0.8213988636240017]]],"scaling":false,"total-size":0}